<?xml version="1.0" encoding="UTF-8"?>
<addon version="0.2">
    <title xml:lang="ko">본문내 이미지 조절 애드온</title>
    <title xml:lang="jp">本文内イメージリーサイズアドオン</title>
    <title xml:lang="zh-CN">内容区图片缩放插件</title>
    <title xml:lang="en">Image Resizer</title>
    <title xml:lang="vi">Thay đổi cỡ hình ảnh</title>
    <title xml:lang="es">Imagen de control add-on bonmunnae</title>
    <title xml:lang="ru">Аддон редактирования размера картинки в тексте</title>
    <title xml:lang="ge">Image-Add-on bonmunnae</title>
    <title xml:lang="zh-TW">圖片縮放</title>
    <description xml:lang="ko">
        본문내에 삽입된 이미지의 크기를 본문크기에 맞게 하고 클릭시 원본을 보여주는 애드온입니다.
    </description>
    <description xml:lang="jp">
        本文内に挿入されたイメージのサイズを本文の幅サイズに合わせてリーサイズし、クリックした時、オリジナルサイズのイメージを表示します。
    </description>
    <description xml:lang="zh-CN">
        自动调整主题内容区内的图片大小，点击将显示原始大小的插件。
    </description>
    <description xml:lang="vi">
        Addon này sẽ lấy lại kích thước nguyên bản của hình ảnh trong bài viết hoặc bình luận khi bạn bấm vào hình.
    </description>
	<description xml:lang="en">
        This addon resizes images inserted in the article. When clicked, the original images are shown.
    </description>
    <description xml:lang="es">
        La imagen corporal se inserta dentro del cuerpo para que se adapte al tamaño de la muestra original cuando hago clic en los add-ons.
    </description>
    <description xml:lang="ru">
        Аддон, изменяющий размер картинки к размеру текста, при клике на картинку, появляется полное изображение.
    </description>
    <description xml:lang="ge">
        Body Bild eingefügt im Inneren des Körpers zu passen die Größe des Originals zeigen, wenn ich darauf klicke auf das Add-ons.
    </description>
    <description xml:lang="zh-TW">
        自動調整文章内的圖片大小，點擊圖片後會顯示原始大小。
    </description>
    <version>1.7</version>
    <date>2013-11-27</date>

    <author email_address="developers@xpressengine.com" link="https://www.xehub.io">
        <name xml:lang="ko">XEHub</name>
        <name xml:lang="vi">XEHub</name>
        <name xml:lang="jp">XEHub</name>
        <name xml:lang="zh-CN">XEHub</name>
        <name xml:lang="es">XEHub</name>
        <name xml:lang="ge">XEHub</name>
        <name xml:lang="ru">XEHub</name>
        <name xml:lang="en">XEHub</name>
        <name xml:lang="zh-TW">XEHub</name>
    </author>
</addon>
