<?xml version="1.0" encoding="UTF-8"?>
<addon version="0.2">
    <title xml:lang="ko">포인트 레벨 아이콘 표시 애드온</title>
    <title xml:lang="zh-CN">积分级别图标</title>
    <title xml:lang="jp">ポイントレベルアイコン表示アドオン</title>
    <title xml:lang="en">Point Level Icon</title>
    <title xml:lang="vi">Icon cấp độ của điểm</title>
    <title xml:lang="ge">Point-Level-Symbol</title>
    <title xml:lang="es">Addon para mostar el nivel del ícono</title>
    <title xml:lang="ru">Иконка уровня поинтов</title>
    <title xml:lang="zh-TW">點數等級圖案</title>
    <description xml:lang="ko">
        포인트 시스템을 사용중일 경우 사용자 이름 앞에 레벨 아이콘을 표시하도록 합니다.
        레벨 아이콘은 설치된 모듈 &gt; 포인트시스템에서 선택 가능합니다.
    </description>
    <description xml:lang="zh-CN">
        使用积分系统时，可以在用户名前显示级别图标。
        级别图标可以在模块 &gt; 积分系统中进行选择。
    </description>
    <description xml:lang="jp">
        ポイントシステムを使用する場合、ユーザ名の前にレベルアイコンの表示します。
        レベルアイコンは、「モジュール &gt; ポイントシステム」で選択します。
    </description>
    <description xml:lang="en">
        This addon displays level icon in front of the user name when you are using the point system.
        You can choose the level icon in Module &gt; Point System.
    </description>
    <description xml:lang="vi">
        Addon này sẽ hiển thị Icon cấp độ trước tên người sử dụng khi bạn sử dụng hệ thống tính điểm.
        Bạn có thể chọn Icon cấp độ tại Module &gt; cỉa hệ thống điểm.
    </description>
    <description xml:lang="ge">
        Dieses Addon zeigt Level Icon vor dem Benutzernamen, wenn Sie die Punkte-System.
        Sie können wählen, der Level Icon in Modul> Point-System.
    </description>
    <description xml:lang="es">
        Este addon muestra el nivel del ícono delante del nombre del usuario cuando es usado el sistema de puntos.
        Tu puedes elegir los icono de cada nivel en el módulo &gt; Sistema de Puntos.
    </description>
    <description xml:lang="ru">
        Этот аддон отображает иконку уровня поинтов напротив имени пользователя, когда используется система поинтов.
        Вы можете выбрать иконку уровня в Модуле Системы Поинтов.
    </description>
    <description xml:lang="zh-TW">
        使用點數系統時，可以在用戶名前顯示等級圖案。
        等級圖案可以在模組 &gt; 點數系統中進行選擇。
    </description>
    <version>1.7</version>
    <date>2013-11-27</date>

    <author email_address="developers@xpressengine.com" link="https://www.xehub.io">
        <name xml:lang="ko">XEHub</name>
        <name xml:lang="zh-CN">XEHub</name>
        <name xml:lang="jp">XEHub</name>
        <name xml:lang="en">XEHub</name>
        <name xml:lang="vi">XEHub</name>
        <name xml:lang="ge">XEHub</name>
        <name xml:lang="es">XEHub</name>
        <name xml:lang="ru">XEHub</name>
        <name xml:lang="zh-TW">XEHub</name>
    </author>
</addon>
