<?xml version="1.0" encoding="UTF-8"?>
<addon version="0.2">
	<title xml:lang="ko">자동 embed 삽입 애드온(oEmbed)</title>
	<title xml:lang="jp">자동 embed 삽입 애드온(oEmbed)</title>
	<title xml:lang="en">자동 embed 삽입 애드온(oEmbed)</title>
	<title xml:lang="vi">자동 embed 삽입 애드온(oEmbed)</title>
	<title xml:lang="zh-CN">자동 embed 삽입 애드온(oEmbed)</title>
	<title xml:lang="es">자동 embed 삽입 애드온(oEmbed)</title>
	<title xml:lang="ru">자동 embed 삽입 애드온(oEmbed)</title>
	<title xml:lang="ge">자동 embed 삽입 애드온(oEmbed)</title>
	<title xml:lang="zh-TW">자동 embed 삽입 애드온(oEmbed)</title>
	<version>1.0</version>
	<date>2014-01-15</date>

	<author email_address="developers@xpressengine.com" link="http://www.xpressengine.com/">
		<name xml:lang="ko">XEHub</name>
		<name xml:lang="jp">XEHub</name>
		<name xml:lang="en">XEHub</name>
		<name xml:lang="vi">XEHub</name>
		<name xml:lang="zh-CN">XEHub</name>
		<name xml:lang="es">XEHub</name>
		<name xml:lang="ru">XEHub</name>
		<name xml:lang="ge">XEHub</name>
		<name xml:lang="zh-TW">XEHub</name>
	</author>
</addon>
