<?xml version="1.0" encoding="UTF-8"?>
<addon version="0.2">
	<title xml:lang="ko">Captcha 애드온</title>
	<title xml:lang="en">CAPTCHA</title>
	<title xml:lang="vi">Captcha Addon</title>
	<title xml:lang="zh-CN">验证码插件</title>
	<title xml:lang="jp">Captchaアドオン</title>
	<title xml:lang="ru">Аддон Captcha</title>
	<title xml:lang="zh-TW">圖形驗證</title>
	<description xml:lang="ko">
		프로그램 글 등록기를 막기 위해 게시판/ issueTracker에서 글/ 댓글을 입력하려 할 때 알파벳을 입력해야 글/댓글이 입력되는 애드온 입니다.
	</description>
	<description xml:lang="en">
		This addon helps to prevent spam messages to be posted by requesting non-logged-in users to type characters displayed in the image before submitting comments or posts.
	</description>
	<description xml:lang="vi">
		Addon này tạo ra một hình ảnh xác nhận khi đăng kí, gửi bài, hay viết bình luận nếu thành viên không đăng nhập.
		Addon này chỉ hoạt động khi được kích hoạt.
	</description>
	<description xml:lang="zh-CN">
		为了解决互联网垃圾而开发的验证码机制。
	非登录用户发布话题或评论时将会弹出验证图片选择框，选择正确的图片才可以正常发布(适用于版面/issueTracker)。
	</description>
	<description xml:lang="jp">
		ボット(bot)がプログラムによるスパム行為を防ぐために、掲示板／issueTrackerで書き込み・コメントを登録する際、ランダムな文字や数字の列を画面に表示し、表示されたものと一致した情報を入力した時、登録が出来るようにするアドオンです。
		ログインしてない時だけ、動作します。
	</description>
	<description xml:lang="ru">
		To block spam written by programs, let users to choose a suitable image to text when writing a posting or comment.
		This addon applies only to not-logged-in users.
	</description>
	<description xml:lang="zh-TW">
		可防止機器人程式的垃圾留言，非用戶要發表主題或回覆時，必須要輸入正確圖片中所顯示的文字才能發表。
	</description>
	<version>1.7</version>
	<date>2013-11-27</date>

	<author email_address="developers@xpressengine.com" link="https://www.xehub.io">
		<name xml:lang="ko">XEHub</name>
		<name xml:lang="zh-CN">XEHub</name>
		<name xml:lang="jp">XEHub</name>
		<name xml:lang="zh-TW">XEHub</name>
		<name xml:lang="en">XEHub</name>
		<name xml:lang="ru">XEHub</name>
		<name xml:lang="vi">XEHub</name>
	</author>

	<extra_vars>
		<var name="target" type="select">
			<title xml:lang="ko">Captcha 표시 대상</title>
			<title xml:lang="zh-CN">应用对象</title>
			<title xml:lang="jp">Captchaを表示する対象</title>
			<title xml:lang="zh-TW">選擇目標</title>
			<title xml:lang="en">Captcha Target</title>
			<title xml:lang="ru">Captcha Target</title>
			<title xml:lang="vi">Mục tiêu Captcha hiển thị</title>
			<description xml:lang="ko">글/댓글 등록시 captcha가 동작할 대상을 정할 수 있습니다. 관리자는 무조건 제외됩니다</description>
			<description xml:lang="zh-CN">可以指定验证码应用对象(管理员除外)。</description>
			<description xml:lang="jp">管理者を除き、書き込み・コメントを入力する際にcaptchaイメージを見せる対象を設定します。</description>
			<description xml:lang="zh-TW">除了管理員，可以選擇圖形驗證應用的對象。</description>
			<description xml:lang="en">You can specify if CAPTCHA should be displayed when posting an article or comment. It will not apply to administrators.</description>
			<description xml:lang="ru">You may specify targets CAPTCHA work. It's not applied when administrator writes.</description>
			<description xml:lang="vi">Khi gửi bài, bình luận, Capcha sẽ hiển thị để xác nhận hành động của người sử dụng. Chức năng này không hoạt động với người quản lý.</description>
			<options value="">
				<title xml:lang="ko">로그인하지 않은 사용자</title>
				<title xml:lang="zh-CN">非登录用户</title>
				<title xml:lang="jp">ログインしてないユーザー</title>
				<title xml:lang="zh-TW">非用戶</title>
				<title xml:lang="en">Not logged-in users</title>
				<title xml:lang="ru">Not logged-in users</title>
				<title xml:lang="vi">Người dùng chưa đăng nhập</title>
			</options>
			<options value="all">
				<title xml:lang="ko">모든 사용자</title>
				<title xml:lang="zh-CN">所有用户</title>
				<title xml:lang="jp">すべてのユーザー</title>
				<title xml:lang="zh-TW">所有用戶</title>
				<title xml:lang="en">All users</title>
				<title xml:lang="ru">All users</title>
				<title xml:lang="vi">Tất cả mọi người</title>
			</options>
		</var>
		<var name="act_type" type="select">
			<title xml:lang="ko">동작 방식</title>
			<title xml:lang="zh-CN">验证方式</title>
			<title xml:lang="jp">動作方式</title>
			<title xml:lang="zh-TW">驗證模式</title>
			<title xml:lang="en">How it works</title>
			<title xml:lang="ru">How it works</title>
			<title xml:lang="vi">Sử dụng</title>
			<description xml:lang="ko">"1번만 동작"을 선택하면 1번만 동작후 상태를 저장해서 다음부터 물어보지 않고 그렇지 않으면 매번 물어보게 됩니다</description>
			<description xml:lang="zh-CN">"一次"就是每个IP只出现一次验证。</description>
			<description xml:lang="jp">「1回だけ表示」を選択すると、最初だけ動作した後、その情報を記憶して次回からはCaptchaを見せないようにします。また、もう一つのオプションは毎回Captchaを表示します。</description>
			<description xml:lang="zh-TW">選擇"單次"，下次不會再顯示；選擇"每次"則會一直顯示。</description>
			<description xml:lang="en">If you choose "Once", CAPTCHA works only once for the user by storing status. Otherwise, this addon would show an image every time the user writes.</description>
			<description xml:lang="ru">If you choose "Once", CAPTCHA works only once for the user by storing status. Otherwise, this addon would show an image every time the user writes.</description>
			<description xml:lang="vi">Nếu chọn "Chỉ một lần" thì sau lần hiển thị đó Capcha sẽ không hiển thị với người sử dụng đó nữa.</description>
			<options value="onetime">
				<title xml:lang="ko">1번만 동작</title>
				<title xml:lang="zh-CN">一次</title>
				<title xml:lang="jp">1回だけ表示</title>
				<title xml:lang="zh-TW">單次</title>
				<title xml:lang="vi">Chỉ một lần</title>
				<title xml:lang="en">once</title>
				<title xml:lang="ru">1 раз</title>
			</options>
			<options value="everytime">
				<title xml:lang="ko">매번 동작</title>
				<title xml:lang="zh-CN">每次</title>
				<title xml:lang="jp">毎回表示</title>
				<title xml:lang="zh-TW">每次</title>
				<title xml:lang="en">every time</title>
				<title xml:lang="ru">каждый раз</title>
				<title xml:lang="vi">Luôn sử dụng</title>
			</options>
		</var>
	</extra_vars>
</addon>
